********-1, Never Used
localhost, Never Used
MCOaccess01, Never Used
MCOaccess02, Never Used
MCOaccess03, Never Used
MCOaccess04, Never Used
MCOaccess05, Never Used
MCOaccess06, Never Used
MCOaccess07, Never Used
MCOaccess08, Never Used
MCOaccess09, Never Used
MCOaccess10, Never Used
MCOagg01, Never Used
MCOagg02, Never Used
MCOagg03, Never Used
MCOagg04, Never Used
MCOcore01, Never Used
MCOcore02, Never Used
MCOdist01, Never Used
MCOdist02, Never Used
ORDaccess01, Never Used
ORDaccess02, Never Used
ORDaccess03, Never Used
ORDaccess04, Never Used
ORDaccess05, Never Used
